OBJECTID,YEAR_,STATE,AGENCY,UNIT_ID,FIRE_NAME,INC_NUM,ALARM_DATE,CONT_DATE,REPORT_AC,GIS_ACRES,OBJECTIVE,SHAPEAREA,SHAPELEN
21440,2020,CA,CDF,NEU,NELSON,00013212,2020/06/18 00:00:00+00,2020/06/23 00:00:00+00,110,109.60250092,1,733134.69847985,4179.74314207098
21441,2020,CA,CDF,NEU,AMORUSO,00011799,2020/06/01 00:00:00+00,2020/06/04 00:00:00+00,670,685.58502197,1,4578171.898799,12399.3753905303
21442,2020,CA,CDF,NEU,ATHENS,00018493,2020/08/10 00:00:00+00,2020/03/01 00:00:00+00,26,27.30047989,1,182387.64041229,2119.19412004922
21443,2020,CA,CDF,NEU,FLEMING,00007619,2020/03/31 00:00:00+00,2020/04/01 00:00:00+00,13,12.93155003,1,86679.4234022,2029.52488137366
21444,2020,CA,CDF,NEU,MELANESE,00008471,2020/04/14 00:00:00+00,2020/04/19 00:00:00+00,10.3,10.31595993,1,70179.1223473,1342.74290294874
21445,2020,CA,CDF,NEU,PFE,00014858,2020/07/05 00:00:00+00,2020/07/05 00:00:00+00,36,36.701931,1,244431.516854585,3012.19835359805
21446,2020,CA,DOD,,VALLEY,00015865,2020/07/15 00:00:00+00,2020/07/16 00:00:00+00,377,376.91049194,1,2538316.86324515,9803.35036419848
21447,2020,CA,CDF,NEU,WALDO,00015275,2020/07/09 00:00:00+00,2020/07/12 00:00:00+00,10.7,10.10221004,1,68043.04136617,1425.986342255
21448,2020,CA,CDF,NEU,WILLOW,00006064,2020/03/10 00:00:00+00,2020/03/11 00:00:00+00,34,33.9738884,1,230549.785054575,2477.15181548502
21449,2020,CA,CDF,NEU,WILLOWS,00021423,2020/09/09 00:00:00+00,2020/10/13 00:00:00+00,1311,1309.08996582,1,8877495.80679989,15221.4105433228
21450,2020,CA,CDF,NEU,DYER,00015012,2020/07/06 00:00:00+00,2020/07/06 00:00:00+00,195,194.66029358,1,1296860.60847706,7757.2468376968
21451,2020,CA,CDF,NEU,FARRIER,00016781,2020/07/24 00:00:00+00,2020/07/31 00:00:00+00,22.7,22.63430023,1,150787.430568945,1693.89812956508
21452,2020,CA,CDF,NEU,FIELDS,00023897,2020/10/06 00:00:00+00,2020/10/09 00:00:00+00,55,55.32843018,1,373125.24749984,3143.53141653944
21453,2020,CA,CDF,NEU,JONES,00019231,2020/08/17 00:00:00+00,2020/09/28 00:00:00+00,705,705.54602051,1,4770841.8037345,15226.0547698692
21454,2020,CA,DOD,,PAVE PAWS,00017717,2020/08/02 00:00:00+00,2020/08/02 00:00:00+00,532,532.77337646,1,3589054.98466394,10122.6892482084
21455,2020,CA,CDF,NEU,RIOSA,00012970,2020/06/15 00:00:00+00,2020/06/15 00:00:00+00,13.8,13.6947298,1,91856.85006831,1743.67087359753
21456,2020,CA,CDF,BTU,NELSON,00006825,2020/06/17 00:00:00+00,2020/06/25 00:00:00+00,95,103.33129883,1,703657.63935539,5758.36450762367
21458,2020,CA,CDF,BTU,POTTERS ,00009692,2020/08/17 00:00:00+00,2020/09/10 00:00:00+00,710,925.4019165,1,6307904.03635001,16613.4839079052
21459,2020,CA,CDF,BTU,CASSCADE CREEK,00009703,2020/08/17 00:00:00+00,2020/09/10 00:00:00+00,12,260.17559814,1,1780346.9102,7022.57492736645
21460,2020,CA,CDF,BTU,TEDDY,00006891,2020/06/18 00:00:00+00,2020/06/23 00:00:00+00,134,13.27956009,1,90049.4963,1648.63306678999
21461,2020,CA,CDF,CZU,COAST,00003906,2020/06/29 00:00:00+00,2020/06/29 00:00:00+00,20,20.20829964,1,128343.170571035,1702.00092173808
21462,2020,CA,CDF,CZU,CZU LIGHTNING COMPLEX,00005205,2020/08/16 00:00:00+00,2020/09/24 00:00:00+00,86509,86553.4609375,1,552318495.777984,255052.193259861
21463,2020,CA,CDF,MEU,OAK,00010700,2020/09/07 00:00:00+00,2020/09/28 00:00:00+00,1100,1146.46594238,1,7799786.21433713,18184.1175761056
21464,2020,CA,CDF,MEU,CREEK,00009786,2020/08/18 00:00:00+00,2020/08/26 00:00:00+00,820,834.24432373,1,5727850.42384242,12821.8131524768
21465,2020,CA,CDF,MEU,3-19,00009781,2020/08/18 00:00:00+00,2020/10/21 00:00:00+00,62,65.00855255,1,439629.10712489,2611.28660930833
21466,2020,CA,CDF,MEU,VINEYARD,00006489,2020/06/09 00:00:00+00,2020/06/18 00:00:00+00,150,150.49450684,1,1007057.35493218,5675.64591642705
21467,2020,CA,CDF,MEU,MINA,00009342,2020/08/10 00:00:00+00,2020/08/15 00:00:00+00,170,158.86920166,1,1091466.03412326,5106.02978623229
21468,2020,CA,CDF,HUU,BEAR,00001401,2020/02/15 00:00:00+00,2020/02/15 00:00:00+00,11,10.47373962,1,73476.61029862,1526.38940102691
21469,2020,CA,CDF,HUU,REDWOOD,00009006,2020/10/23 00:00:00+00,2020/10/23 00:00:00+00,102,101.40029907,1,711099.623747345,3753.85290462796
21470,2020,CA,CDF,TGU,GRIZZLY,00002412,2020/03/02 00:00:00+00,2020/03/06 00:00:00+00,154,155.272995,1,1064278.57662465,6540.58364120055
21471,2020,CA,CDF,TGU,BEEGUM,00002023,2020/02/22 00:00:00+00,2020/02/23 00:00:00+00,200,181.44050598,1,1264981.53670996,10696.8165089715
21472,2020,CA,CDF,TGU,4-8,00008808,2020/08/17 00:00:00+00,2020/08/18 00:00:00+00,300,278.01000977,1,1891689.63882624,8954.96718823916
21473,2020,CA,CDF,TGU,ELK,00008702,2020/08/16 00:00:00+00,2020/08/17 00:00:00+00,727,730.48138428,1,4982413.33726191,12016.1387165463
21474,2020,CA,CDF,TGU,RED,00004162,2020/04/23 00:00:00+00,2020/04/24 00:00:00+00,26.4,26.40666008,1,182659.873484695,2684.26888740644
21475,2020,CA,CDF,HUU,MINE,00011303,2020/12/24 00:00:00+00,2020/12/24 00:00:00+00,11,11.07413006,1,77436.892970475,1825.2288103064
21476,2020,CA,CDF,BTU,AVOCADO,00007464,2020/06/30 00:00:00+00,2020/07/11 00:00:00+00,136,137.58140564,1,933389.975000005,4076.50403370737
21477,2020,CA,CDF,BTU,HONCUT,00006966,2020/06/20 00:00:00+00,2020/06/22 00:00:00+00,89,88.1860199,1,597747.50290001,4162.19845369797
21478,2020,CA,CDF,BTU,GRAND,00012308,2020/10/15 00:00:00+00,2020/10/20 00:00:00+00,30,31.06109047,1,211492.505800045,3068.50147022472
21479,2020,CA,CCO,ORC,PARK FIRE,20075598,2020/07/05 00:00:00+00,2020/07/07 00:00:00+00,21,24.09783936,1,141579.5073,2020.07946634423
21480,2020,CA,CDF,ORC,SILVERADO,20121364,2020/10/26 00:00:00+00,2020/11/02 00:00:00+00,0,12469.20019531,1,73125983.4583501,65362.593574505
21481,2020,CA,CDF,ORC,BLUE RIDGE,20121612,2020/10/26 00:00:00+00,2020/11/02 00:00:00+00,0,13694.53027344,1,80671871.26885,65838.8753839423
21482,2020,CA,CDF,ORC,BOND,20136890,2020/12/03 00:00:00+00,2020/12/07 00:00:00+00,0,6681.10107422,1,39200475.3997501,52771.3654774907
21483,2020,CA,CDF,BTU,CLARK,00009565,2020/08/14 00:00:00+00,2020/08/14 00:00:00+00,110,106.78510284,1,729464.867142655,5533.23641585483
21484,2020,CA,CDF,NEU,DULUTH,00018540,2020/08/10 00:00:00+00,2020/08/12 00:00:00+00,65,71.94994354,1,480239.207559445,5784.25707851587
21485,2020,CA,CDF,NEU,KARCHNER,00002117,2020/06/05 00:00:00+00,2020/06/06 00:00:00+00,30,30.02492905,1,201532.58784095,1974.73053588145
21486,2020,CA,LRA,NEU,SIMPSON,00024660,2020/10/15 00:00:00+00,2020/10/17 00:00:00+00,29,28.57456017,1,192491.07013298,1971.42970744524
21487,2020,CA,CDF,NEU,WATT,00012647,2020/06/11 00:00:00+00,2020/06/13 00:00:00+00,40,39.86605835,1,265518.179158995,3532.94795753186
21488,2020,CA,CDF,NEU,LOCUST,00031508,2020/12/31 00:00:00+00,2020/01/31 00:00:00+00,16,15.85951042,1,105708.16045431,1604.8734175529
21489,2020,CA,CDF,BTU,GARDEN,00005015,2020/05/06 00:00:00+00,2020/05/09 00:00:00+00,50,49.00991058,1,334118.9326,3611.3786632309
21490,2020,CA,CDF,BTU,FEATHER,00008456,2020/07/20 00:00:00+00,2020/07/22 00:00:00+00,14.9,14.74075031,1,100343.899392125,1522.43747144389
21491,2020,CA,CDF,SKU,BADGER,00005356,2020/07/18 00:00:00+00,2020/07/19 00:00:00+00,557,557.30603027,1,4060376.10661847,13506.5666546717
21492,2020,CA,CDF,SKU,MINER,00005595,2020/07/25 00:00:00+00,2020/07/25 00:00:00+00,22,23.13611031,1,166418.52768177,2899.10965473077
21493,2020,CA,CDF,SKU,JENNY 2-3,00005678,2020/07/27 00:00:00+00,2020/07/27 00:00:00+00,12,14.63708019,1,107366.679150565,1594.56253822043
21494,2020,CA,CDF,SKU,SCHOOLHOUSE,00007096,2020/09/09 00:00:00+00,2020/09/09 00:00:00+00,36,37.06404114,1,269098.14051099,2367.92669462454
21495,2020,CA,CDF,SKU,TOWNSEND,00003484,2020/05/17 00:00:00+00,2020/05/17 00:00:00+00,13.74,13.73042965,1,99819.97966792,1808.09866734451
21496,2020,CA,CDF,SKU,SHACKLEFORD,00007137,2020/09/11 00:00:00+00,2020/09/11 00:00:00+00,37,37.65026855,1,272468.94269546,2903.04477880394
21497,2020,CA,CDF,TCU,MOC,00009457,2020/08/20 00:00:00+00,2020/09/05 00:00:00+00,2857.36,2857.60498047,1,18547049.6084,24671.348162882
21498,2020,CA,CDF,TCU,SALT,00009353,2020/08/18 00:00:00+00,2020/08/28 00:00:00+00,1593.91,1593.73205566,1,10403242.5917,16443.5169626723
21499,2020,CA,CDF,TCU,WALKER,00006494,2020/06/16 00:00:00+00,2020/06/23 00:00:00+00,1422,1398.00402832,1,9143297.86875006,19226.9033482324
21500,2020,CA,CCO,KRN,BAKER,02024545,2020/06/17 00:00:00+00,2020/06/18 00:00:00+00,165.17979978,165.17979431,1,1006161.87982535,7573.07340234438
21501,2020,CA,CCO,KRN,BENA,02027271,2020/07/01 00:00:00+00,2020/07/05 00:00:00+00,2884.44390817,2884.44311523,1,17566953.1488464,21314.9720002699
21502,2020,CA,CCO,KRN,FLAT,02028833,2020/07/09 00:00:00+00,2020/07/12 00:00:00+00,40.09774479,40.09772873,1,244002.384764025,3515.80880535906
21503,2020,CA,CCO,KRN,COMANCHE,02031924,2020/07/26 00:00:00+00,2020/07/27 00:00:00+00,66.11648805,66.11647797,1,401194.15465651,4069.53776736989
21504,2020,CA,CCO,KRN,SHEEP,02032616,2020/07/30 00:00:00+00,2020/07/30 00:00:00+00,233.05617739,233.05610657,1,1413545.79072601,7205.22539181202
21505,2020,CA,CCO,KRN,RESERVE,02033499,2020/08/04 00:00:00+00,2020/08/05 00:00:00+00,11.50082577,11.50082016,1,70018.63708346,1757.17078934182
21506,2020,CA,CCO,KRN,JOHNSON,02033650,2020/08/05 00:00:00+00,2020/08/06 00:00:00+00,37.95109591,37.95109177,1,230876.136011515,2953.05653054323
21507,2020,CA,BLM,CND,SODA,00034749,2020/06/17 00:00:00+00,2020/06/17 00:00:00+00,,421.46990967,1,2545329.88729949,8257.52921044882
21508,2020,CA,CCO,KRN,WOODY,02035078,2020/08/14 00:00:00+00,2020/08/14 00:00:00+00,90.57170268,90.57169342,1,555702.70108279,3524.33323410304
21509,2020,CA,CCO,KRN,BLUE,02035487,2020/08/16 00:00:00+00,2020/08/17 00:00:00+00,19.89914145,19.8991394,1,120367.206282405,1994.0946108073
21510,2020,CA,CCO,KRN,SHERWOOD,02037640,2020/08/29 00:00:00+00,2020/08/29 00:00:00+00,41.18887316,41.18886948,1,273941.79672172,2299.93972550764
21511,2020,CA,CCO,KRN,VISTA ,02039431,2020/09/09 00:00:00+00,2020/09/09 00:00:00+00,34.7179629,34.71796036,1,210541.74606545,2535.84786668425
21512,2020,CA,CCO,KRN,GARCES,02041011,2020/09/19 00:00:00+00,2020/09/19 00:00:00+00,10.84567745,10.84566975,1,66796.20805688,1328.69379704319
21513,2020,CA,CCO,KRN,LILAC,02045515,2020/10/18 00:00:00+00,2020/10/19 00:00:00+00,52.84682059,52.84680939,1,320521.62584297,3232.5481080167
21514,2020,CA,CCO,KRN,WATER,02052313,2020/12/02 00:00:00+00,2020/12/03 00:00:00+00,22.36359649,22.36359024,1,134343.595718595,2196.95767655882
21515,2020,CA,CCO,KRN,STAGECOACH,02033315,2020/08/03 00:00:00+00,2020/08/03 00:00:00+00,7750,7750.63720703,1,47373861.8492306,46920.3382001706
21516,2020,CA,CDF,MMU,HUNTERS,00011682,2020/06/07 00:00:00+00,2020/06/11 00:00:00+00,80,82.14009857,1,530471.38187795,4659.6511182131
21517,2020,CA,CDF,MMU,PASS,00013431,2020/06/28 00:00:00+00,2020/07/01 00:00:00+00,2192,2163.66210938,1,13770400.1204759,16695.5256656152
21518,2020,CA,CDF,MMU,POWER,00014707,2020/07/11 00:00:00+00,2020/07/15 00:00:00+00,108,151.54949951,1,967344.675780685,5184.74950648086
21519,2020,CA,CDF,MMU,BEN,00015036,2020/07/15 00:00:00+00,2020/07/17 00:00:00+00,48,48.12535095,1,309356.23994356,2971.19279253597
21520,2020,CA,CDF,MMU,HENSLEY,00019014,2020/08/30 00:00:00+00,2020/09/02 00:00:00+00,400,398.48150635,1,2538309.84222306,14750.3034082847
21521,2020,CA,CDF,SHF,FRANCISCAN,00008178,2020/08/15 00:00:00+00,2020/08/15 00:00:00+00,15,15.77985001,1,110504.726235465,2337.83404884543
21522,2020,CA,CDF,SHU,BAR,00003809,2020/04/25 00:00:00+00,2020/04/26 00:00:00+00,55,57.78562927,1,406463.137431105,6053.00295156542
21523,2020,CA,CDF,SHU,LEOPARD,00005006,2020/05/31 00:00:00+00,2020/05/31 00:00:00+00,16,16.62899971,1,116484.68041833,2867.55387802562
21524,2020,CA,CCO,SBC,DRUM,02012322,2020/06/14 00:00:00+00,2020/06/17 00:00:00+00,696,695.47058105,1,4167186.65348095,18011.6201144996
21525,2020,CA,CCO,SBC,TWITCHELL,02011706,2020/06/06 00:00:00+00,2020/06/06 00:00:00+00,28,28.68454933,1,173213.107670285,3330.0078902573
21526,2020,CA,CCO,SBC,BALLARD,02023312,2020/10/31 00:00:00+00,2020/10/31 00:00:00+00,17,17.29714012,1,103688.501840505,2112.36366214879
21527,2020,CA,CCO,SBC,GAREY,02025625,2020/11/29 00:00:00+00,2020/12/01 00:00:00+00,12,12.15279007,1,73228.830232665,2428.68898486209
21528,2020,CA,CDF,SHU,PLATINA,00007049,2020/07/19 00:00:00+00,2020/07/21 00:00:00+00,350,339.46661377,1,2374022.10873437,9206.19273346495
21529,2020,CA,CDF,SHU,ROSA,00001895,2020/02/26 00:00:00+00,2020/02/26 00:00:00+00,14,10.7585001,1,93994.506526925,1973.21933085119
21530,2020,CA,CDF,SHU,SPRINGS,00007944,2020/08/09 00:00:00+00,2020/08/09 00:00:00+00,10.25,10.29981995,1,72441.705665185,1425.50139594507
21531,2020,CA,CDF,SHU,PINES,00008109,2020/08/13 00:00:00+00,2020/08/13 00:00:00+00,10.2,15.73703003,1,109947.423783795,1828.76756767573
21532,2020,CA,CDF,BDU,BRUDER,00014963,2020/10/14 00:00:00+00,2020/10/15 00:00:00+00,170,169.54849243,1,1001062.04464276,5739.95944923538
21533,2020,CA,CCO,SBC,HOLLISTER,02010146,2020/05/07 00:00:00+00,2020/05/10 00:00:00+00,156,157.01780701,1,937233.6867303,5267.79834482171
21534,2020,CA,CCO,SBC,KIRSCHEMANN,02010981,2020/05/28 00:00:00+00,2020/05/28 00:00:00+00,29,28.75139046,1,173394.85735699,1724.02976094129
21535,2020,CA,CCO,SBC,VIEW,02011863,2020/06/06 00:00:00+00,2020/06/07 00:00:00+00,77,77.05924988,1,461807.961556095,3887.79850998838
21536,2020,CA,CCO,SBC,GATO,02015948,2020/07/31 00:00:00+00,2020/07/31 00:00:00+00,10,10.23548985,1,61602.990374845,1351.12687391449
21537,2020,CA,CCO,SBC,LITO,02019126,2020/09/07 00:00:00+00,2020/09/07 00:00:00+00,26,25.82243919,1,154580.936146985,1976.45196415521
21538,2020,CA,CCO,SBC,DUTARD,02025052,2020/11/23 00:00:00+00,2020/11/23 00:00:00+00,14,13.63339043,1,82188.73172753,1360.38213833414
21539,2020,CA,CCO,SBC,CLARK,02026762,2020/12/16 00:00:00+00,2020/12/16 00:00:00+00,19,18.82917976,1,113445.046794495,2217.94200819153
21540,2020,CA,CDF,SLU,HUASNA,00005881,2020/05/13 00:00:00+00,2020/05/13 00:00:00+00,47.5,47.42959976,1,287161.289575745,3280.43322588743
21541,2020,CA,CDF,SLU,SODA,00007149,2020/06/10 00:00:00+00,2020/06/10 00:00:00+00,1680,1653.11499023,1,10073813.3422942,19675.8492383211
21542,2020,CA,CDF,SLU,AVILA,00007409,2020/06/15 00:00:00+00,2020/06/20 00:00:00+00,445,434.29098511,1,2636154.88191139,15280.5362273298
21543,2020,CA,CDF,SLU,GAGE,00008112,2020/06/28 00:00:00+00,2020/06/28 00:00:00+00,33,33.05524063,1,203234.354933505,3411.53751131949
21544,2020,CA,CDF,SLU,LAKE,00008435,2020/07/04 00:00:00+00,2020/07/04 00:00:00+00,583,567.00628662,1,3459823.31545072,14090.654283931
21545,2020,CA,CDF,SLU,SODA,00008356,2020/07/03 00:00:00+00,2020/07/03 00:00:00+00,155,152.58659363,1,928273.81709653,4996.19994572542
21546,2020,CA,CDF,SLU,RIATA,00007469,2020/06/16 00:00:00+00,2020/06/16 00:00:00+00,17,15.23254013,1,92896.53047783,1633.05766999665
21547,2020,CA,CDF,SLU,BERRY,00009850,2020/08/01 00:00:00+00,2020/08/01 00:00:00+00,25,24.13384056,1,148446.55042468,2849.76356332259
21548,2020,CA,CDF,SLU,BRANCH,00009669,2020/07/28 00:00:00+00,2020/08/03 00:00:00+00,3222,2922.20410156,1,17791770.350188,37572.3294763067
21549,2020,CA,CDF,SLU,II-2,00010562,2020/08/15 00:00:00+00,2020/08/15 00:00:00+00,68.3,64.87589264,1,392548.392144025,3325.65285161982
21550,2020,CA,CDF,SLU,CARRIZO,00010369,2020/08/12 00:00:00+00,2020/08/12 00:00:00+00,180,184.91720581,1,1126390.38292598,4863.02681330015
21551,2020,CA,CDF,SLU,TOPAZ,00007269,2020/06/12 00:00:00+00,2020/06/12 00:00:00+00,157,157.11489868,1,958376.774713575,5750.03558658126
21552,2020,CA,CDF,SLU,POND,00009866,2020/08/01 00:00:00+00,2020/08/09 00:00:00+00,2002,1962.32897949,1,11977219.3446219,27175.7069460052
21553,2020,CA,CDF,SLU,HUTTON,00016175,2020/12/07 00:00:00+00,2020/12/07 00:00:00+00,22,22.70940971,1,137253.642677455,2046.48609845318
21554,2020,CA,CDF,SLU,CRESTA BLANCA,00007158,2020/06/10 00:00:00+00,2020/06/10 00:00:00+00,21,18.42482948,1,112122.3580214,1440.23494561286
21555,2020,CA,CDF,SLU,JUAN,00008489,2020/07/05 00:00:00+00,2020/07/05 00:00:00+00,33,33.28210068,1,203983.587687195,2251.94180831353
21556,2020,CA,CDF,SLU,PASS,00010018,2020/08/04 00:00:00+00,2020/08/05 00:00:00+00,322,323.17590332,1,1991152.85133994,10759.2125955142
21557,2020,CA,CDF,SLU,III_2,00010544,2020/08/15 00:00:00+00,2020/08/15 00:00:00+00,13,20.43498993,1,125110.84342967,1838.69410207014
21558,2020,CA,CDF,SLU,WHALE,00010533,2020/08/15 00:00:00+00,2020/08/18 00:00:00+00,320,322.33660889,1,1972454.31911099,6142.23057789762
21559,2020,CA,CDF,SLU,PLACER,00110780,2020/08/25 00:00:00+00,2020/08/25 00:00:00+00,53,53.15896988,1,324301.132675735,2960.15171741765
21560,2020,CA,CDF,SHU,ZOGG,00009978,2020/09/27 00:00:00+00,2020/10/13 00:00:00+00,56338,56338.05078125,1,393993433.312703,190609.169916124
21561,2020,CA,CDF,SHU,POINT,00011061,2020/10/25 00:00:00+00,2020/10/27 00:00:00+00,275,48.14772034,1,1931390.70969883,9622.19599076358
21562,2020,CA,CDF,TUU,GRADE,00000298,2020/06/22 00:00:00+00,2020/06/25 00:00:00+00,1050,1050.23999023,1,6599440.18131505,13592.2228082069
21563,2020,CA,CDF,TUU,FORKS,00000285,2020/06/18 00:00:00+00,2020/06/21 00:00:00+00,130,117.23480225,1,733209.371660615,5251.15750864867
21564,2020,CA,CDF,TUU,SPRINGS,00000289,2020/06/19 00:00:00+00,2020/06/22 00:00:00+00,217,223.88690186,1,1381668.370348,6273.75513190767
21565,2020,CA,CDF,BDU,PITZER,00010332,2020/07/17 00:00:00+00,2020/07/18 00:00:00+00,120,118.78050232,1,707587.06711954,5085.81563824481
21566,2020,CA,CDF,BDU,MENTONE,00014847,2020/10/12 00:00:00+00,2020/10/13 00:00:00+00,79,47.27254105,1,279545.09832284,3559.13629728923
21567,2020,CA,CDF,SHU,INWOOD,00007560,2020/07/31 00:00:00+00,2020/07/31 00:00:00+00,11,10.8198204,1,75886.60553633,1545.97998253957
21568,2020,CA,CDF,SHU,DERSCH,00011068,2020/10/25 00:00:00+00,2021/01/25 00:00:00+00,133,133.29949951,1,933421.088807115,9483.09342367267
21569,2020,CA,CDF,AEU,GRANT FIRE,00016543,2020/06/12 00:00:00+00,2020/06/12 00:00:00+00,5042,5062.19824219,1,33560841.7726725,31944.6719386249
21570,2020,CA,CDF,AEU,CRONAN FIRE,00016219,2020/06/09 00:00:00+00,2020/06/09 00:00:00+00,28,28.27120018,1,188749.994499985,1949.28488036455
21571,2020,CA,CDF,SHU,RIDGE,00009476,2020/09/14 00:00:00+00,2021/01/14 00:00:00+00,18.5,17.10544968,1,119773.09770197,2050.81824290577
21572,2020,CA,CDF,AEU,CLAY FIRE,00022430,2020/07/29 00:00:00+00,2020/07/29 00:00:00+00,741,740.11181641,1,4886122.66499997,15488.6603637005
21573,2020,CA,CDF,AEU,MEISS FIRE,00024350,2020/08/13 00:00:00+00,2020/08/13 00:00:00+00,512,509.14718628,1,3365238.54735003,10408.3486832624
21574,2020,CA,CDF,FKU,DEN,00006845,2020/05/23 00:00:00+00,2020/05/23 00:00:00+00,42.87516,42.87516022,1,264731.420355555,2238.8333092011
21575,2020,CA,CDF,FKU,FRONTIER,00008754,2020/06/23 00:00:00+00,2020/06/23 00:00:00+00,21.7087,21.70869064,1,137924.599553135,1565.04846422796
21576,2020,CA,CDF,FKU,GATOS,00005504,2020/04/26 00:00:00+00,2020/04/26 00:00:00+00,31.95898,31.9589901,1,199029.63463775,2149.26485260553
21577,2020,CA,CDF,FKU,HILLS,00011121,2020/07/28 00:00:00+00,2020/07/28 00:00:00+00,44.13896,44.13896179,1,278570.28621585,3468.79641357227
21578,2020,CA,CDF,FKU,HILLS,00012279,2020/08/15 00:00:00+00,2020/09/27 00:00:00+00,2120.98,2120.97998047,1,13134178.907027,20374.5168819527
21579,2020,CA,CDF,FKU,KINGS,00009658,2020/07/05 00:00:00+00,2020/07/05 00:00:00+00,65.94609,65.9460907,1,416526.98514873,3621.5883750016
21580,2020,CA,CDF,FKU,MINERAL,00010219,2020/07/13 00:00:00+00,2020/07/26 00:00:00+00,29666.96,29666.9609375,1,184633612.393489,113981.402275569
21581,2020,CA,CDF,FKU,SUTTER,00006911,2020/05/24 00:00:00+00,2020/05/24 00:00:00+00,26.95898,26.95898056,1,167316.239064695,1946.58446635644
21582,2020,CA,CDF,FKU,SYCAMORE,00008701,2020/06/23 00:00:00+00,2020/06/25 00:00:00+00,26.59245,26.59246063,1,168936.405602875,2418.98911378588
21583,2020,CA,CDF,FKU,THERMAL,00013123,2020/08/30 00:00:00+00,2020/08/30 00:00:00+00,11.4255,11.42549992,1,72166.09202263,1779.66410364789
21584,2020,CA,CDF,FKU,TODD,00010991,2020/07/26 00:00:00+00,2020/07/26 00:00:00+00,13.09678,13.09677982,1,82632.56773255,1596.15051546907
21585,2020,CA,CDF,FKU,TAR,00012129,2020/08/13 00:00:00+00,2020/08/18 00:00:00+00,20.48829,20.48829079,1,126743.35664703,1688.98888371636
21586,2020,CA,CDF,AEU,MURPHY FIRE,00024956,2020/08/17 00:00:00+00,2020/08/17 00:00:00+00,14,13.25111961,1,88455.004399995,1534.42229322527
21587,2020,CA,CDF,AEU,COPPER FIRE,00029600,2020/09/30 00:00:00+00,2020/09/30 00:00:00+00,47,46.58346176,1,308142.89795003,3134.08453331267
21588,2020,CA,CDF,AEU,CAMERON FIRE,00031579,2020/10/18 00:00:00+00,2020/10/18 00:00:00+00,15,14.42601013,1,95882.97109997,2402.6901674333
21589,2020,CA,CDF,AEU,LIBERTY FIRE,00017224,2020/06/17 00:00:00+00,2020/06/17 00:00:00+00,88.9,88.69252014,1,582786.99489996,6146.40818300043
21590,2020,CA,CDF,AEU,LAMBERT FIRE,00030112,2020/10/04 00:00:00+00,2020/10/04 00:00:00+00,22,21.81627083,1,144216.93610403,1873.86696653436
21591,2020,CA,CDF,BEU,CROSS,00004975,2020/10/07 00:00:00+00,2020/10/07 00:00:00+00,25,24.49596977,1,151625.85481981,2109.64549140268
21592,2020,CA,CDF,BEU,BROWN,00004730,2020/09/22 00:00:00+00,2020/09/23 00:00:00+00,18,18.35330009,1,116118.153724055,1399.6930505029
21593,2020,CA,CDF,BEU,BOOMER,00003228,2020/07/04 00:00:00+00,2020/07/05 00:00:00+00,15,10.92988968,1,69080.48604785,1436.73006419981
21594,2020,CA,CDF,BEU,BRADLEY,00002699,2020/06/08 00:00:00+00,2020/06/09 00:00:00+00,230,230.35479736,1,1424371.09214509,5835.15003698049
21595,2020,CA,CDF,BEU,CARMEL,00004081,2020/08/18 00:00:00+00,2020/09/06 00:00:00+00,6901,6996.94189453,1,43813350.5993181,55600.1233182369
21596,2020,CA,CDF,BEU,COPPERHEAD,00005318,2020/10/26 00:00:00+00,2020/10/26 00:00:00+00,23,22.66811943,1,139948.166073235,1915.84854180567
21597,2020,CA,CDF,BEU,CIRCLE,00004978,2020/10/07 00:00:00+00,2020/10/08 00:00:00+00,8,32.20206833,1,200531.373464315,2582.13548688163
21598,2020,CA,CDF,BEU,COYOTE,00003441,2020/07/15 00:00:00+00,2020/07/18 00:00:00+00,1485,1485.07495117,1,9360859.62698407,16996.4970122152
21599,2020,CA,CDF,BEU,FRUDDEN,00002608,2020/06/03 00:00:00+00,2020/06/04 00:00:00+00,43,43.2114296,1,267048.298787395,2652.84524639192
21600,2020,CA,CDF,BEU,JOHNSON,00003810,2020/08/04 00:00:00+00,2020/08/05 00:00:00+00,40,39.91976166,1,250837.106779175,2822.62352537191
21601,2020,CA,CDF,BEU,JULIUS,00002280,2020/05/17 00:00:00+00,2020/05/17 00:00:00+00,21.9,21.76851082,1,135336.318762565,2165.33436765773
21602,2020,CA,CDF,BEU,METZ,00002404,2020/05/24 00:00:00+00,2020/05/24 00:00:00+00,33,33.09180832,1,207268.706124235,3239.20552421669
21603,2020,CA,CDF,BEU,RICO,00002986,2020/06/22 00:00:00+00,2020/06/23 00:00:00+00,11,11.01766968,1,2094725.05241032,7785.79956101405
21604,2020,CA,CDF,BEU,RIVER,00004024,2020/08/16 00:00:00+00,2020/09/04 00:00:00+00,48088,50213.8203125,1,314948093.903797,188233.155878181
21605,2020,CA,CDF,BEU,VISTA,00002966,2020/06/21 00:00:00+00,2020/06/22 00:00:00+00,28,27.80219078,1,176097.08858087,2666.98628311383
21606,2020,CA,CDF,BEU,STAGE,00002963,2020/06/21 00:00:00+00,2020/06/22 00:00:00+00,51,51.1601181,1,322586.08446619,3336.97262977106
21607,2020,CA,CDF,BEU,BITTERWATER,00002677,2020/06/07 00:00:00+00,2020/06/08 00:00:00+00,211,210.54370117,1,1313615.3749148,6469.82106209437
21608,2020,CA,CDF,BEU,BITTER,00002847,2020/06/16 00:00:00+00,2020/06/20 00:00:00+00,813,895.4050293,1,5605739.70646668,12797.6740050066
21609,2020,CA,CDF,BEU,HUNTER,00002957,2020/06/21 00:00:00+00,2020/06/25 00:00:00+00,195,194.55799866,1,1201839.69190399,6820.75933016889
21610,2020,CA,CCO,VNC,HOLSER,00066767,2020/08/17 00:00:00+00,2020/08/22 00:00:00+00,3000,2188.6340332,1,13059172.3181321,19186.829430932
21611,2020,CA,CCO,VNC,LIME,00045754,2020/06/10 00:00:00+00,2020/06/17 00:00:00+00,802,802.55371094,1,4788548.07131795,13860.1064982686
21612,2020,CA,CCO,VNC,ELIZABETH,00045530,2020/06/10 00:00:00+00,2020/06/13 00:00:00+00,,298.95968628,1,1778128.54673175,6564.64020702961
21613,2020,CA,CCO,VNC,PERKIN,00102739,2020/12/08 00:00:00+00,2020/12/11 00:00:00+00,50,39.82645035,1,236398.920964335,2695.47456641246
21614,2020,CA,CCO,VNC,MEDIO,00070334,2020/08/28 00:00:00+00,2020/08/28 00:00:00+00,10,16.06100082,1,95454.105648105,1272.47214888437
21615,2020,CA,CCO,VNC,KUEHNER,00053983,2020/07/07 00:00:00+00,2020/07/08 00:00:00+00,19.5,19.37548065,1,115102.85852474,1521.91181867431
21616,2020,CA,CDF,SCU,SCU COMPLEX,00005740,2020/08/16 00:00:00+00,2020/09/11 00:00:00+00,,396399,1,2545883718.99621,634336.338845704
21617,2020,CA,CDF,SCU,PARK,00004669,2020/07/04 00:00:00+00,2020/07/10 00:00:00+00,,343,1,2186240.56309016,7516.0446700779
21618,2020,CA,CDF,SCU,CREWS,00004686,2020/07/05 00:00:00+00,2020/07/15 00:00:00+00,,5513,1,35060829.4026663,45170.9785570482
21619,2020,CA,CDF,MVU,VOLCANO,00012575,2020/08/20 00:00:00+00,2020/08/22 00:00:00+00,45,46.38000107,1,270454.589677245,2163.21152725671
21620,2020,CA,CDF,MVU,BORDER 7,00008316,2020/06/11 00:00:00+00,2020/06/13 00:00:00+00,90,71,1,403717.045414575,2918.53237969221
21621,2020,CA,CDF,MVU,SKYLINE 3,00008307,2020/06/11 00:00:00+00,2020/06/14 00:00:00+00,100,79.94999695,1,458460.930099805,4983.22669018349
21622,2020,CA,CDF,MVU,WILLOWS,00019271,2020/12/02 00:00:00+00,2020/12/03 00:00:00+00,,58.15000153,1,333622.338603665,4342.90269666429
21623,2020,CA,CDF,MVU,BORDER 11,00011169,2020/07/28 00:00:00+00,2020/07/30 00:00:00+00,90,59.75999832,1,341525.93878957,4060.84130395772
21624,2020,CA,CDF,RRU,AIRPORT,00154602,2020/12/01 00:00:00+00,2020/12/13 00:00:00+00,1087,1085.69995117,1,6394320.5915473,21111.0757464788
21625,2020,CA,CDF,RRU,APPLE,00096640,2020/07/31 00:00:00+00,2020/08/09 00:00:00+00,,33209.30859375,1,196145745.088602,150101.100013714
21626,2020,CA,CDF,RRU,CASINO,00088099,2020/07/13 00:00:00+00,2020/07/13 00:00:00+00,88,91.57900238,1,534893.191134235,3965.86275362063
21627,2020,CA,CDF,RRU,INDIAN,00079585,2020/06/30 00:00:00+00,2020/06/30 00:00:00+00,59,59.73152161,1,349042.76308877,3773.59935199295
21628,2020,CA,CDF,RRU,SANDERSON,00160421,2020/12/13 00:00:00+00,2020/12/14 00:00:00+00,1954,1954.65100098,1,11511422.7613439,19690.7828535296
21629,2020,CA,CDF,RRU,SIERRA,00071265,2020/06/08 00:00:00+00,2020/06/08 00:00:00+00,,39.02222061,1,229655.7005342,6088.60631302779
21630,2020,CA,CDF,RRU,SKYLINE,00102838,2020/08/03 00:00:00+00,2020/08/16 00:00:00+00,30,47.93214035,1,281870.68807555,3076.17795093276
21631,2020,CA,CDF,RRU,TRIPP,00085986,2020/07/09 00:00:00+00,2020/07/09 00:00:00+00,30,29.49214935,1,172265.745263305,2363.20815712274
21632,2020,CA,CDF,RRU,WATER,00097597,2020/08/02 00:00:00+00,2020/08/02 00:00:00+00,60,36.02037811,1,212564.475541235,3032.66853725981
21633,2020,CA,CCO,LAC,EQUESTRIAN,00167541,2020/06/08 00:00:00+00,2020/06/09 00:00:00+00,85,83.61876678,1,499137.72458479,3815.29825199399
21634,2020,CA,CCO,LAC,VISTA,00172557,2020/06/12 00:00:00+00,2020/06/13 00:00:00+00,19,19.69775963,1,116613.93269006,1666.11983745101
21635,2020,CA,CCO,LAC,SOLEDAD,00197926,2020/07/05 00:00:00+00,2020/07/07 00:00:00+00,1525.3,1525.53527832,1,9101965.33712365,23117.5582573881
21636,2020,CA,CCO,LAC,RIDGE,00222638,2020/07/27 00:00:00+00,2020/07/28 00:00:00+00,320,320.83929443,1,1928676.70303585,12353.965925599
21637,2020,CA,CCO,LAC,CASTAIC,00228163,2020/08/01 00:00:00+00,2020/08/01 00:00:00+00,178,178.31158447,1,1066001.35223005,6079.35151358733
21638,2020,CA,CCO,LAC,PEAK,00238836,2020/08/11 00:00:00+00,2020/08/11 00:00:00+00,27.3,26.62678146,1,158196.200476645,1871.15478546849
21639,2020,CA,CCO,LAC,WEST,00181840,2020/06/21 00:00:00+00,2020/06/21 00:00:00+00,47,46.8375473,1,281528.85869285,2371.90873966243
21640,2020,CA,CCO,LAC,3 POINTS,00198047,2020/07/05 00:00:00+00,2020/07/05 00:00:00+00,14,11.78608799,1,70801.624155685,1043.0624991533
21641,2020,CA,USF,ANF,BOBCAT,00003687,2020/09/06 00:00:00+00,2020/10/19 00:00:00+00,115796,115997.9765625,1,690091830.297994,433313.073884386
21642,2020,CA,CCO,LAC,ROCK,00244876,2020/08/16 00:00:00+00,2020/08/16 00:00:00+00,92,93.8135376,1,555083.976648305,4348.26310529729
21643,2020,CA,CCO,LAC,JOHNSON,00259152,2020/08/28 00:00:00+00,2020/08/29 00:00:00+00,290,291.94924927,1,1750755.32212838,7290.87199217135
21644,2020,CA,CCO,LAC,QUAIL,00306071,2020/10/09 00:00:00+00,2020/10/09 00:00:00+00,13,12.85847378,1,77284.21890365,1617.63837654143
21645,2020,CA,CCO,LAC,RAYBURN,00252458,2020/08/22 00:00:00+00,2020/08/22 00:00:00+00,12.14,12.39057922,1,74128.74636011,1417.42955084438
21646,2020,CA,CCO,LAC,ACTON,00293564,2020/09/28 00:00:00+00,2020/09/28 00:00:00+00,2.51,13.84105587,1,82643.695913755,1485.44842318283
21647,2020,CA,CCO,LAC,SAN DIMAS,00355402,2020/11/06 00:00:00+00,2020/11/06 00:00:00+00,132,128.17086792,1,759180.56088612,3681.2580247186
21648,2020,CA,CDF,BEU,AIRLINE,00006361,2020/12/25 00:00:00+00,2020/12/25 00:00:00+00,62,62.40782928,1,388882.112229255,5360.40790457558
21649,2020,CA,CDF,LNU,HILL,00011673,2020/07/24 00:00:00+00,2020/07/24 00:00:00+00,140,139.1302948,1,934300.163228425,4013.69616507793
21650,2020,CA,CDF,LNU,BRIM,00011354,2020/07/19 00:00:00+00,2020/07/19 00:00:00+00,21,21.92457962,1,147766.675837985,2296.01738969672
21651,2020,CA,CDF,LNU,SITES,00012277,2020/08/02 00:00:00+00,2020/08/02 00:00:00+00,,569.51287842,1,3854750.7323815,8133.10536119741
21652,2020,CA,CDF,LNU,POPE,00017668,2020/10/23 00:00:00+00,2020/10/23 00:00:00+00,61,61.80012131,1,426249.76961176,3286.32629716689
21653,2020,CA,CDF,LNU,LYONS,00016978,2020/10/13 00:00:00+00,2020/10/13 00:00:00+00,25,25.58510971,1,172188.11622457,2419.23386339419
21654,2020,CA,CDF,LNU,SALT,00016501,2020/10/05 00:00:00+00,2020/10/05 00:00:00+00,,86.6633606,1,576695.60302657,4835.89632301988
21655,2020,CA,CDF,LNU,CATHOLIC,00014325,2020/09/01 00:00:00+00,2020/09/01 00:00:00+00,22,22.23489952,1,149261.95429451,1451.68020997334
21656,2020,CA,CDF,LNU,URSULINE,00015761,2020/09/21 00:00:00+00,2020/09/21 00:00:00+00,11,11.89887047,1,78948.84635394,1614.56973555935
21657,2020,CA,CDF,LNU,SIERRA,00007631,2020/05/24 00:00:00+00,2020/05/24 00:00:00+00,17,17.39076996,1,117854.626951175,1821.15477228573
21658,2020,CA,CDF,LNU,STAGE,00015702,2020/09/23 00:00:00+00,2020/09/23 00:00:00+00,26,26.56850052,1,174493.502226905,2879.02170806599
21659,2020,CA,CDF,LNU,INDIAN,00014015,2020/08/26 00:00:00+00,2020/08/26 00:00:00+00,20,20.42804909,1,137415.947142755,2058.55238679772
21660,2020,CA,CDF,LNU,KIRKLAND,00011819,2020/07/27 00:00:00+00,2020/07/27 00:00:00+00,21,21.01779938,1,138551.089586755,1836.36067023301
21661,2020,CA,CDF,LNU,PARISH,00009816,2020/06/27 00:00:00+00,2020/06/27 00:00:00+00,,57.63618851,1,377416.714675685,3209.25136076411
21662,2020,CA,CDF,LNU,CACHE,00010508,2020/07/06 00:00:00+00,2020/07/06 00:00:00+00,44,44.79924011,1,298307.84066484,2862.17747320451
21663,2020,CA,CDF,LNU,MOUNTAIN,00009134,2020/06/17 00:00:00+00,2020/06/17 00:00:00+00,28,28.20261955,1,185579.564551395,2577.97804934942
21664,2020,CA,CDF,LNU,MEYERS,00013481,2020/08/17 00:00:00+00,2020/09/02 00:00:00+00,,2360.24902344,1,15621426.321686,22388.5020060167
21665,2020,CA,CDF,LNU,WALLBRIDGE,00013407,2020/08/17 00:00:00+00,2020/09/02 00:00:00+00,,55208.890625,1,366514226.490753,157572.908253195
21666,2020,CA,CDF,LNU,HENNESSEY,00013337,2020/08/17 00:00:00+00,2020/09/16 00:00:00+00,305651,305351.59375,1,2027266568.25789,1008834.88444178
21667,2020,CA,CDF,LNU,GLASS,00015497,2020/09/27 00:00:00+00,2020/10/20 00:00:00+00,,67484.34375,1,447043238.763344,272074.173454455
21668,2020,CA,CDF,LNU,QUAIL,00008419,2020/06/06 00:00:00+00,2020/06/18 00:00:00+00,1837,1840.99804688,1,12174059.3285215,16855.2395454375
21669,2020,CA,CDF,LNU,LAKEVILLE,00008347,2020/06/05 00:00:00+00,2020/06/05 00:00:00+00,141,162.63780212,1,1048803.68014726,4456.87791628269
21670,2020,CA,CDF,LNU,DUNFIELD,00004174,2020/03/13 00:00:00+00,2020/03/13 00:00:00+00,19,21.91723061,1,150780.498731585,1856.85693245415
21671,2020,CA,CDF,LNU,SPANISH,00007631,2020/05/24 00:00:00+00,2020/05/24 00:00:00+00,19,17.29932976,1,115108.80803013,1342.05006595422
21672,2020,CA,CCO,MRN,DEVILS GULCH,00002033,2020/08/16 00:00:00+00,2020/08/16 00:00:00+00,17.2,16.94519806,1,110702.99065,2153.50282066674
21673,2020,CA,DOD,MCP,INDIA,00001474,2020/06/09 00:00:00+00,2020/06/14 00:00:00+00,1100,959.28210449,1,5579077.51517631,15945.7034434538
21674,2020,CA,USF,INF,IRIS,00001585,2020/07/21 00:00:00+00,2020/08/04 00:00:00+00,120,124.99820709,1,805416.40636575,10749.2026996525
21675,2020,CA,USF,MDF,DALTON ,00000498,2020/07/23 00:00:00+00,2020/08/15 00:00:00+00,1367,1367.07763672,1,9939544.86099645,23649.3972105377
21676,2020,CA,USF,MDF,ALLEN,00000470,2020/07/21 00:00:00+00,2020/08/27 00:00:00+00,1035,1034.79431152,1,7439245.4776589,19543.3077463494
21677,2020,CA,USF,INF,BEACH,00002140,2020/08/16 00:00:00+00,2020/08/27 00:00:00+00,3780,3668.42700195,1,23903367.5145031,33018.5212439841
21678,2020,CA,USF,TNF,LOYALTON,00001600,2020/08/14 00:00:00+00,2020/08/27 00:00:00+00,47029,46720.8828125,1,319860110.44354,132036.550481914
21679,2020,CA,USF,PNF,SHEEP,00001299,2020/08/17 00:00:00+00,2020/09/07 00:00:00+00,29570,29541.12109375,1,205912404.478943,123134.869784303
21680,2020,CA,USF,LPF,DOLAN,00002428,2020/08/18 00:00:00+00,2020/12/31 00:00:00+00,124924,124527.3125,1,772950527.937128,255261.397082978
21681,2020,CA,USF,KNF,FOX,00007241,2020/09/14 00:00:00+00,2020/09/28 00:00:00+00,2188,2027.5526123,1,14524107.9607057,35565.757507778
21682,2020,CA,USF,SQF,SHOTGUN,00002543,2020/08/19 00:00:00+00,2021/01/04 00:00:00+00,841,840.85028076,1,5256307.87243077,23325.4713102213
21683,2020,CA,USF,PNF,NORTH COMPLEX,00001302,2020/08/17 00:00:00+00,2020/12/03 00:00:00+00,318776,318776.6875,1,2183903306.79726,515161.140670897
21684,2020,CA,USF,SQF,CASTLE,00002541,2020/08/19 00:00:00+00,2021/01/04 00:00:00+00,174178,170647.84375,1,1063135639.87625,897716.760534131
21685,2020,CA,USF,ENF,FORK,00027219,2020/09/08 00:00:00+00,2020/11/08 00:00:00+00,1673,1668.44934082,1,11191288.7619659,27875.0337976376
21686,2020,CA,USF,LPF,COLEMAN,00003161,2020/10/18 00:00:00+00,2020/11/15 00:00:00+00,574,562.91351318,1,3497453.66323534,14566.2435184639
21687,2020,CA,USF,ENF,POINT,00032344,2020/10/26 00:00:00+00,2020/11/05 00:00:00+00,99,93.22415924,1,625576.954371565,5586.63644557121
21688,2020,CA,USF,SNF,CREEK,00001391,2020/09/04 00:00:00+00,2020/12/24 00:00:00+00,379895,379882.25,1,2435747263.7359,1030210.52228453
21690,2020,CA,USF,SHF,BALD,00001124,2020/07/28 00:00:00+00,2020/08/01 00:00:00+00,18,17.9240799,1,127838.6546974,1380.62054762254
21691,2020,CA,USF,SHF,BRIDGE,00001116,2020/07/27 00:00:00+00,2020/07/28 00:00:00+00,15,14.58705521,1,103093.44555454,1611.80841863847
21692,2020,CA,USF,PNF,IRON,00001284,2020/08/17 00:00:00+00,2020/08/22 00:00:00+00,45,37.90356064,1,262137.00348552,2710.7408853208
21693,2020,CA,USF,SNF,BULLFROG,00001402,2020/09/08 00:00:00+00,2020/11/09 00:00:00+00,1185,654.63952637,1,4175193.86125564,10191.6384606477
21694,2020,CA,USF,SHF,FLAT,00000910,2020/06/30 00:00:00+00,2020/08/22 00:00:00+00,62,62.0405426,1,438504.77510001,4750.31909226813
21695,2020,CA,USF,KNF,DEVIL,00007084,2020/09/09 00:00:00+00,,8857,8871.93261719,1,64904831.3029824,108856.594837796
21696,2020,CA,USF,PNF,DAVIS 3,00001529,2020/09/09 00:00:00+00,2020/09/09 00:00:00+00,11.1,11.43485546,1,78674.254870295,1866.90767195687
21697,2020,CA,USF,SHF,SPRING,00001270,2020/08/17 00:00:00+00,2020/08/27 00:00:00+00,230,228.83406067,1,1601273.64252313,5181.59324177591
21698,2020,CA,USF,SHF,PINE,00001120,2020/07/28 00:00:00+00,2020/07/30 00:00:00+00,11.5,11.31371498,1,80661.51055001,1486.61816908903
21699,2020,CA,USF,PNF,FEATHER,00001217,2020/08/13 00:00:00+00,2020/08/17 00:00:00+00,39,39.70480728,1,271903.385067205,5203.51892827039
21700,2020,CA,BIA,HIA,MP 21,00000046,2020/07/20 00:00:00+00,,100,93.04834747,1,665133.02956604,6223.19517535915
21701,2020,CA,USF,MNF,ROCKWELL,00000746,2020/08/16 00:00:00+00,,850,1438.9173584,1,9844396.27687684,12473.2655645653
21702,2020,CA,USF,SHF,GIBSON,00001029,2020/07/19 00:00:00+00,2020/07/20 00:00:00+00,42,41.67089844,1,296706.394132175,3394.08227206589
21703,2020,CA,USF,SHF,HOBO,00001376,2020/09/01 00:00:00+00,2020/09/10 00:00:00+00,413,413.52490234,1,2926304.90869135,10122.1959121153
21704,2020,CA,USF,SHF,HARRIS,00000545,2020/05/11 00:00:00+00,2020/05/11 00:00:00+00,10.5,10.61656189,1,76484.984449995,1092.24649005379
21705,2020,CA,USF,STF,QUARTER,00000970,2020/06/20 00:00:00+00,2020/07/02 00:00:00+00,9.7,11.58481407,1,75798.237437995,2009.12333860724
21706,2020,CA,USF,PNF,ADAMS,00000976,2020/07/26 00:00:00+00,2020/07/31 00:00:00+00,918,901.67236328,1,6213201.72239982,14572.3653122405
21707,2020,CA,USF,KNF,SLATER,00007035,2020/09/08 00:00:00+00,2020/12/12 00:00:00+00,157270,157429.765625,1,1152491340.1386,580102.551891584
21708,2020,CA,BIA,HIA,JONES POINT,00000068,2020/08/08 00:00:00+00,,137,136.59272766,1,972429.70563386,6422.52573767421
21709,2020,CA,USF,PNF,COPPER,00001331,2020/08/18 00:00:00+00,2020/08/22 00:00:00+00,50,54.70821381,1,379644.04733169,4405.75499743704
21710,2020,CA,USF,PNF,BIRD,00000895,2020/07/21 00:00:00+00,2020/07/23 00:00:00+00,25,25.04809761,1,173300.697310075,2078.42295438805
21711,2020,CA,USF,SHF,BROCK,00000699,2020/06/04 00:00:00+00,2020/06/06 00:00:00+00,15,14.98821831,1,106066.838436295,1875.80885942633
21712,2020,CA,USF,MNF,BASEBALL,00000144,2020/02/25 00:00:00+00,2020/03/03 00:00:00+00,211,215.52542114,1,1477447.49044998,7197.50481935019
21713,2020,CA,USF,LPF,RIDGE,00001476,2020/06/17 00:00:00+00,2020/06/20 00:00:00+00,83,82.71296692,1,511365.79853044,4049.04263830317
21714,2020,CA,USF,STF,BELL,00001581,2020/07/28 00:00:00+00,,49.5,44.90058136,1,294576.700820705,6226.61187716864
21715,2020,CA,USF,BDF,BROOK,00011349,2020/07/29 00:00:00+00,2020/08/01 00:00:00+00,185,183.2127533,1,1088039.60734086,7953.74230626562
21716,2020,CA,USF,ANF,LAKE,00003273,2020/08/12 00:00:00+00,2020/08/30 00:00:00+00,31089,30999.38671875,1,185934914.634278,117870.197834611
21717,2020,CA,USF,ANF,RANCH2,00003289,2020/08/13 00:00:00+00,2020/10/01 00:00:00+00,4237,4119.203125,1,24427703.4634201,36629.8506997743
21718,2020,CA,USF,CNF,VALLEY,00002833,2020/09/05 00:00:00+00,2020/09/24 00:00:00+00,16390,16389.52929688,1,94002680.7936983,112779.788219606
21719,2020,CA,USF,ANF,MARTINDALE,00003943,2020/09/28 00:00:00+00,2020/09/29 00:00:00+00,230,233.34515381,1,1395509.28664813,6201.77762495311
21720,2020,CA,USF,BDF,MOUNT R,00009765,2020/07/03 00:00:00+00,2020/07/06 00:00:00+00,63,61.77009964,1,366166.036204605,5096.23288234196
21721,2020,CA,USF,BDF,ADOBE,00006566,2020/05/07 00:00:00+00,2020/05/07 00:00:00+00,15,15.18357849,1,89918.672085615,1308.53025422691
21722,2020,CA,USF,BDF,KENWOOD,00011178,2020/07/26 00:00:00+00,2020/07/26 00:00:00+00,10,10.37326622,1,61594.258135745,996.947081591256
21723,2020,CA,USF,BDF,EASTON,00010757,2020/07/20 00:00:00+00,2020/07/21 00:00:00+00,56.8,56.79850006,1,336392.471551485,4628.90889870784
21724,2020,CA,USF,ANF,LAGO,00001463,2020/05/09 00:00:00+00,2020/05/09 00:00:00+00,21.5,16.89003944,1,101283.91465809,1364.39908963818
21725,2020,CA,NPS,MNP,BULL,00013423,2020/09/05 00:00:00+00,2020/09/05 00:00:00+00,14,14.08968639,1,86008.022396595,2031.57510937963
21727,2020,CA,CDF,CNF,SOUTH MAIN,00000562,2020/03/06 00:00:00+00,,13,13.00809288,1,76111.774631505,1663.42206613188
21728,2020,CA,USF,BDF,PITMAN,00020795,2020/12/26 00:00:00+00,2020/12/26 00:00:00+00,39.6,39.66624069,1,235298.976408255,3027.9581614876
21729,2020,CA,USF,LPF,GIFFORD ,00001329,2020/06/08 00:00:00+00,2020/06/10 00:00:00+00,16.8,16.80191231,1,101776.98260659,2249.64929078864
21730,2020,CA,USF,SNF,HOG,00000593,2020/06/12 00:00:00+00,2020/06/18 00:00:00+00,533,527.48773193,1,3342182.14191763,7973.11174545856
21731,2020,CA,USF,LNF,H - 8 WELL,00004096,2020/07/26 00:00:00+00,,61,60.99063492,1,430788.126680315,4679.54037264799
21732,2020,CA,USF,LNF,L-2 YELLOW,00004094,2020/07/26 00:00:00+00,,14.9,14.9040451,1,103355.972762865,1563.04515160319
21733,2020,CA,USF,ANF,DAM,00003063,2020/07/30 00:00:00+00,2020/10/01 00:00:00+00,,226.36575317,1,1341769.25717762,5915.38582674342
21734,2020,CA,USF,MDF,FLAT,00000522,2020/07/25 00:00:00+00,2020/08/06 00:00:00+00,14.77,13.64788532,1,99102.470392005,1682.47373211367
21735,2020,CA,USF,SNF,TRIMMER,00001160,2020/08/03 00:00:00+00,2020/09/01 00:00:00+00,600,593.86456299,1,3765339.02216315,10322.5348743455
21736,2020,CA,USF,TNF,BAKER,00000199,2020/03/03 00:00:00+00,2020/03/07 00:00:00+00,42,47.61828613,1,323691.37935014,3530.69830881269
21737,2020,CA,BLM,CDD,TRAMWAY,00009569,2020/06/29 00:00:00+00,2020/06/29 00:00:00+00,16,11.13794041,1,65508.15530179,2049.90030455768
21738,2020,CA,CDF,RRU,SNOW,00119353,2020/09/17 00:00:00+00,2020/09/24 00:00:00+00,6254,6253.43701172,1,36805044.7687931,48686.0783055628
21739,2020,CA,CDF,RRU,OAKS,00071224,2020/06/08 00:00:00+00,,16.6,16.56990814,1,97329.454922425,1567.89845930455
21740,2020,CA,USF,INF,PUMICE ,00001038,2020/06/15 00:00:00+00,2020/06/21 00:00:00+00,40,42.17404175,1,277498.144163685,3403.53085224519
21741,2020,CA,USF,MNF,NAIL,00000539,2020/07/07 00:00:00+00,2020/07/10 00:00:00+00,15,14.59023666,1,98873.720399865,1577.04139569105
21742,2020,CA,USF,KNF,LITTLE SODA,00005727,2020/07/28 00:00:00+00,,,53.08939743,1,388742.555617495,3858.94425291389
21743,2020,CA,USF,MNF,AUGUST COMPLEX FIRES,00008864,2020/08/16 00:00:00+00,2020/11/11 00:00:00+00,,1032699,1,7116307899.1239,1695542.55514709
21744,2020,CA,USF,LNF,STUMP,00004290,2020/08/01 00:00:00+00,2020/08/11 00:00:00+00,684,325.41217041,1,2269874.87500707,8490.00829749967
21745,2020,CA,CDF,LMU,HOG,00003874,2020/07/18 00:00:00+00,2020/08/28 00:00:00+00,9564,9566.35546875,1,66866941.2191269,85678.3440426157
21746,2020,CA,USF,TNF,ANTELOPE,00000141,2020/02/17 00:00:00+00,2020/02/18 00:00:00+00,,101.76651001,1,695930.95048499,4195.57608142484
21747,2020,CA,USF,SQF,FISH CREEK,00002565,2020/08/21 00:00:00+00,,29,29.78269577,1,184664.908599965,2783.08918050284
21748,2020,CA,USF,SRF,RED SALMON COMPLEX,00000643,2020/07/27 00:00:00+00,2020/11/19 00:00:00+00,142386,143836.328125,1,1026602327.56319,464942.025152139
21749,2020,CA,USF,LPF,33,00001105,2020/05/22 00:00:00+00,2020/05/24 00:00:00+00,33.62,33.6674614,1,202790.224834995,3052.42860726469
21750,2020,CA,CCO,LAC,ELSMERE,00230295,2020/08/03 00:00:00+00,2020/08/03 00:00:00+00,,159.20556641,1,947991.44799456,8008.78857369136
21751,2020,CA,USF,SQF,MESA,00003783,2020/01/21 00:00:00+00,,,100.55500031,1,617535.82700653,4212.91279396023
21752,2020,CA,USF,ANF,ROWHER,00002440,2020/07/01 00:00:00+00,2020/07/09 00:00:00+00,648,648.18084717,1,3876623.88425996,17177.2197756241
21753,2020,CA,USF,ANF,TEXAS,00003165,2020/08/06 00:00:00+00,2020/08/11 00:00:00+00,210,209.95069885,1,1253999.85411411,7050.44805899115
21754,2020,CA,USF,HTF,MURPHY,00030282,2020/06/15 00:00:00+00,2020/06/16 00:00:00+00,13.26,12.08647633,1,79680.17194828,2712.26919768953
21755,2020,CA,NPS,YNP,BLUEJAY,00000054,2020/07/25 00:00:00+00,2020/11/19 00:00:00+00,6922,6921.98730469,2,44992208.0476778,55875.1320954189
21756,2020,CA,NPS,BNP,CALDWELL,00000479,2020/07/22 00:00:00+00,2020/09/01 00:00:00+00,80859,81224.3671875,1,590731985.530573,236072.500286635
21757,2020,CA,NPS,MNP,DOME,00012356,2020/08/15 00:00:00+00,2020/09/12 00:00:00+00,43273,44211.0859375,1,269171466.526749,94295.139243738
21758,2020,CA,NPS,YNP,HORSE,00000089,2020/08/23 00:00:00+00,2020/11/19 00:00:00+00,30,30.19238091,2,195135.92835011,5326.92023739836
21759,2020,CA,NPS,MNP,IVANPAH,00009202,2020/06/22 00:00:00+00,2020/06/26 00:00:00+00,1088,1051.48156738,1,6385724.91522029,12295.6386609961
21760,2020,CA,NPS,KNP,MORAINE,00000091,2020/08/21 00:00:00+00,2020/12/29 00:00:00+00,1316,1316.03283691,1,8306597.40089544,15529.477408382
21761,2020,CA,NPS,YNP,NORTH WHIZZ DOME,00000092,2020/08/25 00:00:00+00,2020/11/19 00:00:00+00,,199.98155212,2,1301046.36129107,5300.89643217665
21762,2020,CA,NPS,KNP,RATTLESNAKE,00000080,2020/08/16 00:00:00+00,2020/12/28 00:00:00+00,8419,8422.83691406,2,52760004.8849225,142312.836653677
21763,2020,CA,NPS,CNP,SCORPION,00001216,2020/05/31 00:00:00+00,2020/06/05 00:00:00+00,1395,1320.7232666,1,7802740.03849984,28437.0637650171
21764,2020,CA,NPS,YNP,WOLF,00000075,2020/08/10 00:00:00+00,2020/11/19 00:00:00+00,2057,2057.28833008,2,13386476.6432187,23606.2877261782
21765,2020,CA,NPS,RNP,WOODWARD,00012009,2020/08/18 00:00:00+00,2020/11/20 00:00:00+00,4929,4901.70751953,1,32017438.8669224,38442.9932829008
21766,2020,CA,BLM,LPF,166,00002212,2020/08/03 00:00:00+00,2020/08/04 00:00:00+00,,120.7197876,1,728607.069012675,4938.81241733045
21767,2020,CA,BLM,CND,AURORA,00001190,2020/06/26 00:00:00+00,2020/07/02 00:00:00+00,,238.28295898,1,1567149.16923963,9380.45945348893
21768,2020,CA,BLM,CCD,BACCARAT,00030788,2020/10/04 00:00:00+00,2020/10/11 00:00:00+00,,10456.36328125,1,71729594.3058914,48876.5190937813
21769,2020,CA,BLM,CDD,BARNES,00013077,2020/08/30 00:00:00+00,2020/09/02 00:00:00+00,,79.41711426,1,473966.16201336,3394.95615170243
21770,2020,CA,BLM,CND,BASIC,00001515,2020/06/24 00:00:00+00,2020/06/24 00:00:00+00,,116.17731476,1,702693.19271847,5144.10980708556
21771,2020,CA,BLM,CDD,ELLIOT,00010135,2020/07/07 00:00:00+00,2020/07/13 00:00:00+00,,102.64131165,1,587306.4784879,5400.21092763148
21772,2020,CA,BLM,CCD,HILL,00030331,2020/06/23 00:00:00+00,2020/06/25 00:00:00+00,,63.22701645,1,433835.00861278,4078.11761259378
21773,2020,CA,BLM,NOD,HORN,00002791,2020/06/02 00:00:00+00,2020/06/03 00:00:00+00,,25.2015667,1,178314.52230001,3307.50548939362
21774,2020,CA,BLM,NOD,LAURA 2,00006431,2020/11/17 00:00:00+00,2020/11/23 00:00:00+00,,2729.01635742,1,18876446.2516746,54526.1905550777
21775,2020,CA,BLM,CND,MOUNTAIN VIEW,00030860,2020/11/17 00:00:00+00,2020/11/30 00:00:00+00,,20374.48828125,1,135042607.60665,71386.5560468088
21776,2020,CA,BLM,CDD,NADEAU,00011339,2020/07/29 00:00:00+00,2020/08/04 00:00:00+00,,9150.36816406,1,56715274.2548441,81985.6084496163
21777,2020,CA,BLM,CCD,NORTH,00030547,2020/08/02 00:00:00+00,2020/08/10 00:00:00+00,,6882.26708984,1,47310873.487188,55841.2880833097
21778,2020,CA,BLM,NOD,R-1 MAPES,00004515,2020/08/10 00:00:00+00,2020/08/13 00:00:00+00,,258.9571228,1,1817475.84729047,10098.6873574522
21779,2020,CA,BLM,NOD,R-3 LITTLE FREDOYNER,00003966,2020/07/21 00:00:00+00,2020/07/26 00:00:00+00,,187.3430481,1,1319820.99882273,6833.52449470662
21780,2020,CA,BLM,NOD,R-2 TRUMBULL,00003281,2020/06/23 00:00:00+00,2020/06/28 00:00:00+00,,576.65856934,1,4040625.44730006,15222.4112078427
21781,2020,CA,BLM,NOD,R-3 SKEDDADLE,00003282,2020/06/23 00:00:00+00,2020/06/28 00:00:00+00,,197.50694275,1,1376990.23661563,11419.1681781331
21782,2020,CA,BLM,NOD,R-5 SNOWSTORM,00004682,2020/08/17 00:00:00+00,2020/08/18 00:00:00+00,,471.72024536,1,3314899.76911172,12670.0493016176
21783,2020,CA,BLM,NOD,R-5 DRY,00003294,2020/06/23 00:00:00+00,2020/06/28 00:00:00+00,,45.45532227,1,316572.43175003,3922.00498124289
21784,2020,CA,BLM,NOD,R-8 PINECODE,00004854,2020/08/24 00:00:00+00,2020/08/29 00:00:00+00,,566.49243164,1,4002114.36479997,13005.8552290493
21785,2020,CA,BLM,CCD,RAILROAD,00030327,2020/06/23 00:00:00+00,2020/06/25 00:00:00+00,,131.87670898,1,904462.712418735,4927.75638217213
21786,2020,CA,USF,HTF,SLINK,00030684,2020/08/29 00:00:00+00,2020/11/13 00:00:00+00,,26751.67773438,1,177137742.947879,120615.447580106
21787,2020,CA,BLM,CDD,SMOKETREE,00008157,2020/06/02 00:00:00+00,2020/06/05 00:00:00+00,,129.99386597,1,763479.79019416,4593.44956541854
21789,2020,CA,BLM,CDD,STANDING ROCK,00010671,2020/07/19 00:00:00+00,2020/07/20 00:00:00+00,,90.21173096,1,539748.14188368,7007.20803925034
21790,2020,CA,BLM,NOD,W-4 TERMO,00004700,2020/08/17 00:00:00+00,0202/08/20 00:00:00+00,,265.58285522,1,1883874.85144584,13848.3542872158
21791,2020,CA,BLM,NOD,W-5 COLD SPRINGS,00004727,2020/08/18 00:00:00+00,2020/09/13 00:00:00+00,,84817.2734375,1,604907699.577412,218761.343479134
21792,2020,CA,BLM,NOD,WOOD,00001061,2020/02/23 00:00:00+00,2020/02/23 00:00:00+00,,54.35707474,1,382484.03999997,2872.64310006192
21793,2020,CA,BLM,CND,BEND,00001537,2020/06/25 00:00:00+00,2020/06/27 00:00:00+00,,264.31039429,1,1609880.95133268,8049.68072432263
21794,2020,CA,BLM,CND,LULU,00001577,2020/06/28 00:00:00+00,2020/06/28 00:00:00+00,,11.38433838,1,69067.761917425,1970.51050550518
21795,2020,CA,BLM,CDD,ORANGE,00014150,2020/09/19 00:00:00+00,2020/10/06 00:00:00+00,,35.9790535,1,212844.81689406,3375.20666327548
21796,2020,CA,BLM,,PARKER DAM,00000087,2020/02/17 00:00:00+00,2020/02/24 00:00:00+00,,13.99215603,1,83136.420533425,1893.31527321546
21797,2020,CA,BLM,NOD,R-6 TUNNISON,00004098,2020/07/28 00:00:00+00,2020/07/30 00:00:00+00,,175.14735413,1,1227196.25744328,5068.73718758621
21798,2020,CA,BLM,CND,PINEY,00000897,2020/05/11 00:00:00+00,2020/05/23 00:00:00+00,,21.87052536,1,134344.54594163,2685.93979951744
21799,2020,CA,BLM,CDD,CIMA,00013335,2020/09/04 00:00:00+00,2020/09/06 00:00:00+00,,32.43548203,1,198352.620201645,3584.98841350079
21800,2020,CA,BLM,CDD,MYER,00008651,2020/06/12 00:00:00+00,2020/06/14 00:00:00+00,,12.89485168,1,73799.40176414,2477.69401213958
21801,2020,CA,BLM,CND,STANDARD,00001777,2020/07/05 00:00:00+00,2020/07/05 00:00:00+00,,23.77984619,1,145240.629959815,2905.42194772776
21802,2020,CA,BLM,,AHA MACAV,00207928,2020/09/11 00:00:00+00,2020/09/11 00:00:00+00,42,42.10367584,1,254583.616757425,3502.26987403526
21803,2020,CA,BLM, ,POWER,00000726,2020/05/29 00:00:00+00,2020/06/12 00:00:00+00,18,17.04560089,1,97760.85555905,1788.22585994223
21804,2020,CA,DOD,MCP,CREEK 5,00020846,2021/12/30 00:00:00+00,2021/12/31 00:00:00+00,,3052.17236328,1,17761235.5180362,30411.7942165851
21806,2020,CA,CDF,CZU,BRUNO,00001332,2020/02/28 00:00:00+00,2020/02/28 00:00:00+00,5,6.78966522,1,43968.58067222,915.539069962212
21807,2020,CA,CCO,ORC,LIVE OAK,20094983,2020/08/22 00:00:00+00,2020/08/22 00:00:00+00,1.79,1.66968942,1,9782.49385,639.086899699758
21808,2020,CA,CDF,ORC,WILLIAMS,20088756,2020/08/07 00:00:00+00,2020/08/08 00:00:00+00,12.1,7.8091197,1,45806.50785,1017.77716979132
21809,2020,CA,CCO,ORC,HIGHLAND,20103543,2020/09/12 00:00:00+00,2020/09/12 00:00:00+00,5,1.15438843,1,6740.50925,422.235614514975
21810,2020,CA,CCO,ORC,WINDY RIDGE FIRE,20086007,2020/07/31 00:00:00+00,2020/07/31 00:00:00+00,0,1.74275804,1,10249.5121,605.626977242324
21811,2020,CA,CCO,ORC,NICHOLS,20077201,2020/07/09 00:00:00+00,2020/07/10 00:00:00+00,7.4,8.11941624,1,47444.49860001,1127.39456155882
21812,2020,CA,CCO,ORC,LAGUNA,20066376,2020/06/12 00:00:00+00,2020/06/12 00:00:00+00,6.7,7.16236162,1,41901.49424999,1951.17456002467
21813,2020,CA,CDF,SKU,GUYS,00001500,2020/02/27 00:00:00+00,2020/02/27 00:00:00+00,2.8,2.80249,1,20313.59978568,847.719182985232
21814,2020,CA,CDF,SKU,ORR,00004371,2020/06/18 00:00:00+00,2020/06/18 00:00:00+00,3,3.50306201,1,25465.049711735,644.662274242129
21815,2020,CA,CDF,SKU,LIBERTY,00005419,2020/07/20 00:00:00+00,2020/07/20 00:00:00+00,8,8.05559444,1,58474.109972635,1378.9396919283
21816,2020,CA,CDF,SKU,MARTIN,00005914,2020/08/02 00:00:00+00,2020/08/02 00:00:00+00,2,2.3604331,1,17085.1613428,736.994901254134
21817,2020,CA,CDF,SKU,SPRING,00002451,2020/04/03 00:00:00+00,2020/04/03 00:00:00+00,1.7,1.74933267,1,12521.46070505,498.760020484983
21818,2020,CA,CDF,SKU,RED 3-1,00005564,2020/07/24 00:00:00+00,2020/07/24 00:00:00+00,2,1.28821087,1,9374.168328835,401.956329256023
21819,2020,CA,CDF,SKU,NOYES 1-14,00005720,2020/07/28 00:00:00+00,2020/07/28 00:00:00+00,8,8.12013054,1,58507.50271865,1083.49792646927
21820,2020,CA,CDF,SKU,MOFFETT,00004369,2020/06/18 00:00:00+00,2020/06/18 00:00:00+00,1,1.07046103,1,7759.69174347,341.002593650151
21821,2020,CA,CCO,KRN,SIERRA,02022641,2020/06/06 00:00:00+00,2020/06/06 00:00:00+00,1.13498506,1.13424432,1,6986.30432983,497.999519635648
21822,2020,CA,CCO,KRN,CROSS,02023544,2020/06/11 00:00:00+00,2020/06/11 00:00:00+00,6.08159792,6.08159637,1,36961.962790265,804.765422271331
21823,2020,CA,CCO,KRN,EXTENSION INC,02029285,2020/07/12 00:00:00+00,2020/07/11 00:00:00+00,3.24627944,3.24627829,1,19846.067919445,643.119496113604
21824,2020,CA,CCO,KRN,CAMELOT ,02029945,2020/07/15 00:00:00+00,2020/07/15 00:00:00+00,9.61966854,9.61945438,1,58281.18569066,1464.91527858477
21825,2020,CA,CCO,KRN,,02029986,2020/07/16 00:00:00+00,2020/07/16 00:00:00+00,1.41028234,1.41028237,1,8607.034894625,398.903753358864
21826,2020,CA,CCO,KRN,,02029923,2020/07/15 00:00:00+00,2020/07/15 00:00:00+00,1.80534117,1.80730283,1,10968.23235142,526.383828041463
21827,2020,CA,CCO,KRN,OUTLET,02029995,2020/07/16 00:00:00+00,2020/07/16 00:00:00+00,1.066875,1.06687462,1,6444.55181048,596.157021781955
21828,2020,CA,CCO,KRN,178,02031741,2020/07/25 00:00:00+00,2020/07/25 00:00:00+00,7.22246538,7.22246456,1,44084.92131141,1326.49851229111
21829,2020,CA,CCO,KRN,TRAIL,02033316,2020/08/03 00:00:00+00,2020/08/03 00:00:00+00,2.47683958,2.47689271,1,15057.215630005,745.032725583665
21830,2020,CA,CCO,KRN,,02027852,2020/07/04 00:00:00+00,2020/07/04 00:00:00+00,9.32473901,9.18317604,1,56002.5555507,1003.40052138452
21831,2020,CA,CCO,KRN,WOFFORD ,02042294,2020/09/28 00:00:00+00,2020/09/28 00:00:00+00,5.78886355,5.78886127,1,35604.81629214,788.094357110134
21832,2020,CA,CCO,KRN,SABODAN,02045671,2020/10/20 00:00:00+00,2020/10/20 00:00:00+00,3.02440975,3.02440882,1,18291.766760575,752.061437244737
21833,2020,CA,CDF,MMU,DONALD,00012523,2020/06/18 00:00:00+00,2020/06/18 00:00:00+00,2,1.37965965,1,8933.6948615,380.582639629995
21834,2020,CA,CCO,SBC,MOCKINGBIRD,02012134,2020/06/12 00:00:00+00,2020/06/12 00:00:00+00,9,8.8859911,1,52979.103574885,1631.69854518033
21835,2020,CA,CCO,SBC,RANCHO,02016069,2020/08/02 00:00:00+00,2020/08/02 00:00:00+00,1.5,1.53284478,1,9229.664779715,546.406257624567
21836,2020,CA,CDF,SLU,HUASNA,00005504,2020/05/05 00:00:00+00,2020/05/05 00:00:00+00,2,1.82043886,1,11021.98270998,498.955716312835
21837,2020,CA,CDF,SLU,BISHOP,00006447,2020/05/26 00:00:00+00,2020/05/26 00:00:00+00,1.54,1.47037196,1,8954.81605403,586.0707741567
21838,2020,CA,CDF,SLU,CAMATTA,00007313,2020/06/13 00:00:00+00,2020/06/13 00:00:00+00,2,2.13903642,1,13087.43036568,582.33493993943
21839,2020,CA,CDF,SLU,DAIRY,00007813,2020/06/23 00:00:00+00,2020/06/23 00:00:00+00,3,2.58218026,1,15738.1881887,839.6045175888
21840,2020,CA,CDF,SLU,FARM,00007726,2020/06/21 00:00:00+00,2020/06/21 00:00:00+00,2,2.24103904,1,13626.502637715,464.660092883811
21841,2020,CA,CDF,SLU,LINNE,00006576,2020/05/29 00:00:00+00,2020/05/29 00:00:00+00,6,6.545331,1,40162.799077655,964.07687198637
21842,2020,CA,CDF,SLU,JACK,00007272,2020/06/12 00:00:00+00,2020/06/12 00:00:00+00,6,5.79798317,1,35676.15928331,1180.3899421717
21843,2020,CA,CDF,SLU,SHERRY,00006979,2020/06/07 00:00:00+00,2020/06/07 00:00:00+00,1,1.0090965,1,6199.03660179,320.354652760822
21844,2020,CA,CDF,SLU,CAMATTA,00008623,2020/07/08 00:00:00+00,2020/07/08 00:00:00+00,8,7.91018057,1,48416.88185563,1367.62429591798
21845,2020,CA,CDF,SLU,VENICE,00008775,2020/07/11 00:00:00+00,2020/07/11 00:00:00+00,3,3.35979056,1,20581.61330314,816.441287641957
21846,2020,CA,CDF,SLU,MACK,00008799,2020/07/11 00:00:00+00,2020/07/11 00:00:00+00,1,1.20235419,1,7370.84084848,343.942660130583
21847,2020,CA,CDF,SLU,WEBSTER,00008567,2020/07/06 00:00:00+00,2020/07/06 00:00:00+00,4,4.8722167,1,29807.05469197,1122.81397086244
21848,2020,CA,CDF,SLU,SHED,00010066,2020/08/05 00:00:00+00,2020/08/05 00:00:00+00,5,6.06673098,1,37202.9583439,891.886249104253
21849,2020,CA,CDF,SLU,CREEK,00006543,2020/05/28 00:00:00+00,2020/05/28 00:00:00+00,2,2.01405597,1,12310.301994945,570.681372947556
21850,2020,CA,CDF,SLU,MUSTARD,00008754,2020/07/10 00:00:00+00,2020/07/10 00:00:00+00,2,1.80682766,1,11103.301268275,668.045946112726
21851,2020,CA,CDF,SLU,RESERVOIR,00014468,2020/11/02 00:00:00+00,2020/11/02 00:00:00+00,8,8.03186321,1,48884.49116644,1039.32726406049
21852,2020,CA,CDF,SLU,PRICE,00006674,2020/05/31 00:00:00+00,2020/05/31 00:00:00+00,1,1.05754459,1,6419.93711106,301.826163226177
21853,2020,CA,CDF,SLU,RANCHO,00006660,2020/05/31 00:00:00+00,2020/05/31 00:00:00+00,2,2.26817918,1,13893.365544215,832.998511626223
21854,2020,CA,CDF,SLU,LAGO,00007007,2020/06/07 00:00:00+00,2020/06/07 00:00:00+00,2.6,2.81483412,1,17098.394609945,725.916606320332
21855,2020,CA,CDF,SLU,TORO,00007099,2020/06/09 00:00:00+00,2020/06/09 00:00:00+00,2,2.01625443,1,12310.65182852,462.137821818157
21856,2020,CA,CDF,SLU,CHOLAME,00010749,2020/08/18 00:00:00+00,2020/08/18 00:00:00+00,3,3.23034263,1,19902.254291815,1302.21052236607
21857,2020,CA,CDF,SLU,TOPAZ,00008346,2020/07/03 00:00:00+00,2020/07/03 00:00:00+00,6,6.89476776,1,42062.344100515,953.310194416738
21858,2020,CA,CDF,SLU,GREEN,00008873,2020/07/12 00:00:00+00,2020/07/12 00:00:00+00,6,6.07705641,1,37234.11079135,772.658446872396
21859,2020,CA,CDF,SLU,DAVIS,00009232,2020/07/19 00:00:00+00,2020/07/19 00:00:00+00,3,3.25628448,1,20046.006991085,1958.74724741235
21860,2020,CA,CDF,SLU,MEADOW,00009368,2020/07/22 00:00:00+00,2020/07/22 00:00:00+00,5,5.03376722,1,30598.8105662,639.259250891925
21861,2020,CA,CDF,SLU,LUCY,00012966,2020/10/02 00:00:00+00,2020/10/02 00:00:00+00,,2.13835073,1,13150.04809896,594.720389742732
21862,2020,CA,CDF,SLU,HILLS,00010322,2020/08/11 00:00:00+00,2020/08/11 00:00:00+00,1.05,1.17515695,1,7133.7545328,362.384025620082
21863,2020,CA,CDF,SLU,SPRING,00010366,2020/08/12 00:00:00+00,2020/08/12 00:00:00+00,3,3.95843768,1,24317.15649479,938.045117089337
21864,2020,CA,CDF,SLU,IV_1,00010554,2020/08/15 00:00:00+00,2020/08/15 00:00:00+00,3,3.04927492,1,18594.520306575,652.907838904937
21865,2020,CA,CDF,SLU,BRIDLE,00010618,2020/08/16 00:00:00+00,2020/08/16 00:00:00+00,2,2.05773377,1,12664.34812756,443.280705379807
21866,2020,CA,CDF,SLU,CORNELL,00010744,2020/08/18 00:00:00+00,2020/08/18 00:00:00+00,2,1.81044602,1,11018.525430865,424.856111639742
21867,2020,CA,CDF,SLU,ENERGY,00011284,2020/08/29 00:00:00+00,2020/08/29 00:00:00+00,7,6.92687798,1,42240.705214465,809.310748555131
21868,2020,CA,CDF,SLU,COUNTRY,00012211,2020/09/17 00:00:00+00,2020/09/17 00:00:00+00,1,1.0168997,1,6153.550337145,322.167413909279
21869,2020,CA,CDF,SLU,DELTA,00013062,2020/10/04 00:00:00+00,2020/10/04 00:00:00+00,7.7,7.60073614,1,46338.195901535,854.738524441772
21870,2020,CA,CDF,SLU,DAVIS,00014581,2020/11/05 00:00:00+00,2020/11/05 00:00:00+00,1,1.11954188,1,6884.136286285,427.005054556233
21871,2020,CA,CDF,NEU,SMARTSVILLE,00015238,2020/07/09 00:00:00+00,2020/07/09 00:00:00+00,6,8.08974361,1,54598.753277545,1248.01323543915
21872,2020,CA,CDF,BEU,POND,00003644,2020/07/26 00:00:00+00,2020/07/26 00:00:00+00,10,7.08605146,1,44869.497395325,1121.27497119702
21873,2020,CA,CCO,VNC,ERBES,00004124,2021/01/14 00:00:00+00,2021/01/15 00:00:00+00,30,26.54850769,1,157568.59701788,2434.75025344746
21874,2020,CA,CCO,VNC,LEWIS,00059179,2020/07/23 00:00:00+00,2020/07/23 00:00:00+00,3.8,3.96736073,1,23507.471086715,836.545590886465
21875,2020,CA,CDF,LMU,GOLD,00003917,2020/07/20 00:00:00+00,2020/10/29 00:00:00+00,22614,22652.55859375,1,161406943.239828,129127.785644877
21876,2020,CA,CCO,VNC,GOODENOUGH,0055722,2020/07/12 00:00:00+00,2020/07/12 00:00:00+00,7,8.41543388,1,50222.55661732,1024.56230916558
21877,2020,CA,CCO,VNC,COCHRAN,0055744,2020/07/12 00:00:00+00,2020/07/13 00:00:00+00,8.9,8.3289957,1,49488.22978946,1114.07307449106
21878,2020,CA,CCO,LAC,TOPANGA,00216968,2020/07/22 00:00:00+00,2020/07/22 00:00:00+00,2.3,2.614254,1,15481.345449495,693.288838759302
21879,2020,CA,CCO,LAC,AIRPORT,00149563,2020/05/21 00:00:00+00,2020/05/21 00:00:00+00,1.8,3.00132632,1,17928.36867656,647.712235665708
21880,2020,CA,CCO,LAC,MESA,00207264,2020/07/13 00:00:00+00,2020/07/13 00:00:00+00,1,1.25053167,1,7389.66572791,341.16433970485
21881,2020,CA,CCO,LAC,COLIMA,00169545,2020/06/09 00:00:00+00,2020/06/09 00:00:00+00,6,6.24524069,1,36841.311985925,913.027198086447
21882,2020,CA,CCO,LAC,HASLEY,00171441,2020/06/11 00:00:00+00,2020/06/11 00:00:00+00,6.7,6.6710515,1,39807.830940625,1091.07305977731
21883,2020,CA,CCO,LAC,HILL,00163511,2020/06/04 00:00:00+00,2020/06/04 00:00:00+00,3.5,3.48555779,1,20568.669197005,556.023711259956
21884,2020,CA,CCO,LAC,210TH,00198391,2020/07/05 00:00:00+00,2020/07/05 00:00:00+00,6,7.06764841,1,42477.212059745,1320.89377393226
21885,2020,CA,CCO,LAC,CALGROVE,00191517,2020/06/30 00:00:00+00,2020/06/30 00:00:00+00,8.6,4.22807217,1,25169.72397888,677.92153119443
21886,2020,CA,CCO,LAC,GROVE,00242462,2020/08/14 00:00:00+00,2020/08/14 00:00:00+00,4.5,1.79894173,1,10619.932253295,613.530621497268
21887,2020,CA,CCO,LAC,TOPANGA,00271897,2020/09/08 00:00:00+00,2020/09/08 00:00:00+00,9.5,6.73228073,1,39790.862357705,861.944455107825
21888,2020,CA,CCO,LAC,PALM,00275442,2020/09/11 00:00:00+00,2020/09/11 00:00:00+00,8.5,8.40678883,1,49643.25250709,935.250203511321
21889,2020,CA,CCO,LAC,NO NAME,00290998,2020/09/26 00:00:00+00,2020/09/26 00:00:00+00,5,3.0133996,1,18110.948008805,777.324041678209
21890,2020,CA,CCO,LAC,WAVE,00307499,2020/10/10 00:00:00+00,2020/10/10 00:00:00+00,5,9.63971043,1,56945.3850607,1635.54493804757
21891,2020,CA,CCO,LAC,TUNA,00343103,2020/11/13 00:00:00+00,2020/11/13 00:00:00+00,1.5,1.23734093,1,7310.7355015,349.771043899235
21892,2020,CA,CCO,LAC,CANYON,00377420,2020/12/13 00:00:00+00,2020/12/13 00:00:00+00,6,7.26888037,1,42854.965313785,1243.21599332172
21893,2020,CA,CCO,LAC,BANNING,00385995,2020/12/20 00:00:00+00,2020/12/20 00:00:00+00,1.15,1.52906549,1,8908.938618795,466.336693906745
21894,2020,CA,CDF,LNU,DUNNIGAN,00009096,2020/06/17 00:00:00+00,2020/06/17 00:00:00+00,5,6.12527609,1,40892.77838666,931.633822783726
21895,2020,CA,CDF,LNU,MONTICELLO,00014225,2020/08/30 00:00:00+00,2020/08/30 00:00:00+00,1,1.08643544,1,7164.328711505,424.206535732369
21896,2020,CA,CDF,LNU,LAWLEY,00010631,2020/07/08 00:00:00+00,2020/07/08 00:00:00+00,2,2.02360415,1,13434.410777145,514.579407920413
21897,2020,CA,CDF,LNU,HUBCAP,00016813,2020/10/10 00:00:00+00,2020/10/10 00:00:00+00,2,2.01777172,1,13405.420301905,489.188905439436
21898,2020,CA,CDF,LNU,SPRING,00014218,2020/08/30 00:00:00+00,2020/08/30 00:00:00+00,1.5,1.70342588,1,11223.60080745,581.942912306909
21899,2020,CA,CDF,LNU,COUNTY ROAD 2,00008435,2020/06/06 00:00:00+00,2020/06/06 00:00:00+00,1,1.24270499,1,8316.239722995,405.368425865596
21900,2020,CA,CDF,LNU,MULE,00009336,2020/06/20 00:00:00+00,2020/06/20 00:00:00+00,7,7.35620403,1,49368.424502115,1085.17318318448
21901,2020,CA,CDF,LNU,CANAL,00014794,2020/09/08 00:00:00+00,2020/09/08 00:00:00+00,4,4.07307673,1,27431.141212265,1554.70137853299
21902,2020,CA,CDF,LNU,MOBILE,00011766,2020/07/26 00:00:00+00,2020/07/26 00:00:00+00,1,1.11940598,1,7423.780156275,453.359695094994
21903,2020,CA,CDF,LNU,OAT,00007873,2020/05/28 00:00:00+00,2020/05/28 00:00:00+00,5,5.63831043,1,37564.272679305,875.104729330505
21904,2020,CA,CDF,LNU,LUCERNE,00015524,2020/09/20 00:00:00+00,2020/09/20 00:00:00+00,4,4.12192965,2,27757.02643147,1011.52601729732
21905,2020,CA,CDF,LNU,GEORGE,00009907,2020/06/28 00:00:00+00,2020/06/28 00:00:00+00,1,1.34643221,1,9030.48174601,356.099508138361
21906,2020,CA,CDF,LNU,EAGLE,00014038,2020/08/27 00:00:00+00,2020/08/27 00:00:00+00,1,1.48266256,1,9954.348458445,434.701220708353
21907,2020,CA,CDF,LNU,HEATHER,00010594,2020/07/08 00:00:00+00,2020/07/08 00:00:00+00,1.5,1.91392899,1,12781.559048235,465.787725426221
21908,2020,CA,CDF,LNU,17-7,00013442,2020/08/17 00:00:00+00,2020/08/17 00:00:00+00,1.5,1.8423059,1,12323.048300615,518.228807176423
21909,2020,CA,CDF,LNU,LYTTON,00016406,2020/10/03 00:00:00+00,2020/10/03 00:00:00+00,2,1.93122399,1,12836.862558955,478.242946063707
21910,2020,CA,CDF,LNU,SPRING,00015145,2020/09/14 00:00:00+00,2020/09/14 00:00:00+00,1,1.29040718,1,8474.376546115,503.309588868444
21911,2020,CA,CDF,LNU,LAKE VIEW,00018168,2020/07/27 00:00:00+00,2020/07/27 00:00:00+00,2,2.30815721,1,15489.145368335,575.948315489413
21912,2020,CA,CDF,LNU,CREEK,00009331,2020/06/20 00:00:00+00,2020/06/20 00:00:00+00,1,1.24752748,1,8258.76465216,511.586706855965
21913,2020,CA,CDF,LNU,ARROW,00012642,2020/08/08 00:00:00+00,2020/08/08 00:00:00+00,6,6.73083687,1,44246.070842655,870.926752495522
21914,2020,CA,CDF,LNU,REDWOOD,00013144,2020/08/15 00:00:00+00,2020/08/15 00:00:00+00,2,2.17881536,1,14449.395897575,514.702024638203
21915,2020,CA,CDF,LNU,CHABLIS,00019556,2020/11/22 00:00:00+00,2020/11/22 00:00:00+00,1,1.33192956,1,8847.994641535,519.687445698857
21916,2020,CA,CDF,LNU,BLUE LAKES,00003390,2020/02/29 00:00:00+00,2020/08/29 00:00:00+00,4,4.36604691,1,29309.70453482,806.267860180512
21917,2020,CA,CDF,LNU,SALMON,00008659,2020/09/10 00:00:00+00,2020/09/10 00:00:00+00,5,5.42920637,1,36258.035174075,788.008616719024
21918,2020,CA,CDF,LNU,STONY,00009198,2020/06/18 00:00:00+00,2020/06/18 00:00:00+00,6,6.58558655,1,43386.152742845,945.095964379039
21919,2020,CA,CDF,LNU,DIGGER/QUAIL,00010627,2020/07/08 00:00:00+00,2020/07/08 00:00:00+00,5,5.71311474,1,37786.658507505,744.209601824752
21920,2020,CA,CDF,LNU,DUNNIGAN,00010745,2020/07/10 00:00:00+00,2020/07/10 00:00:00+00,1.5,1.85123742,1,12351.79334283,412.340978820909
21921,2020,CA,CDF,LNU,LAMB,00010619,2020/07/08 00:00:00+00,2020/07/08 00:00:00+00,1.5,1.7104708,1,11372.1078522,490.737070118209
21922,2020,CA,CDF,LNU,ANNAPOLIS,00002399,2020/02/12 00:00:00+00,2020/02/12 00:00:00+00,2,2.15953445,1,14377.70135897,459.261193206537
21923,2020,CA,CDF,LNU,GAMBLE,00013354,2020/04/02 00:00:00+00,2020/04/02 00:00:00+00,1,1.07066774,1,7104.144326115,329.35892724495
21924,2020,CA,CDF,LNU,FOX,00011856,2020/07/27 00:00:00+00,2020/07/27 00:00:00+00,1.5,1.69686735,1,11247.246070945,543.866884809895
21925,2020,CA,CDF,LNU,13-1,00013249,2020/08/16 00:00:00+00,2020/08/16 00:00:00+00,1,1.20418966,1,8011.593678755,393.058202702782
21926,2020,CA,CDF,LNU,MILL,00006651,2020/05/05 00:00:00+00,2020/05/05 00:00:00+00,1.5,1.69951272,1,11273.291680075,401.829365920739
21927,2020,CA,CDF,LNU,TAYLOR,00013619,2020/08/19 00:00:00+00,2020/08/19 00:00:00+00,1,1.73140049,1,11431.16390423,546.039185015669
21928,2020,CA,CDF,LNU,NEWELL,00009981,2020/06/29 00:00:00+00,2020/06/29 00:00:00+00,2.5,2.56038857,1,16795.35905053,591.864651212239
21929,2020,CA,CDF,LNU,PLEASANTS,00007817,2020/05/27 00:00:00+00,2020/05/27 00:00:00+00,8,8.7006712,1,57423.2709697,1049.61199793784
21930,2020,CA,CDF,LNU,CEMENT,00008139,2020/06/02 00:00:00+00,2020/06/02 00:00:00+00,3,3.50961828,1,23163.369381505,660.835588312161
21931,2020,CA,CDF,LNU,TWIN,00019608,2020/11/23 00:00:00+00,2020/11/23 00:00:00+00,1,1.04291761,1,6863.47939839,353.886045882206
21932,2020,CA,CCO,MRN,PIERCE,00002436,2020/09/27 00:00:00+00,2020/09/27 00:00:00+00,5.6,5.63605976,1,36788.517399965,892.762706098998
21933,2020,CA,CCO,MRN,ISLAND,00001927,2020/08/09 00:00:00+00,2020/08/09 00:00:00+00,1.5,1.43505096,1,9370.994000005,415.082883996384
21934,2020,CA,USF,LPF,PLASKETT,00001245,2020/06/03 00:00:00+00,2020/06/06 00:00:00+00,24,1.50094652,1,9284.519620525,374.85673375287
21935,2020,CA,USF,BDF,RALPH ,00012365,2020/08/15 00:00:00+00,2020/08/18 00:00:00+00,10,9.39038086,1,55017.73580625,911.341921068022
21936,2020,CA,USF,ANF,BLUE,00004178,2020/10/16 00:00:00+00,2020/10/20 00:00:00+00,15,5.15127325,1,30685.797124845,1142.8233634874
21937,2020,CA,CDF,BTU,2-28 / BUTTE LIGHTNING COMPLEX,00009756,2020/08/17 07:00:00+00,2020/09/10 07:00:00+00,2,21.37203026,1,147417.555299995,1901.83622460734
21938,2020,CA,CDF,BTU,1-11 / BUTTE LIGHTNING COMPLEX,00009778,2020/08/17 07:00:00+00,2020/09/10 07:00:00+00,10,12.20917988,1,84049.519199975,1243.22544356281
21939,2020,CA,CDF,BTU,2-30 / BUTTE LIGHTNING COMPLEX,00009784,2020/08/17 07:00:00+00,2020/09/10 07:00:00+00,0.05,6.25850296,1,43254.51740001,894.832910058682
21940,2020,CA,CDF,BTU,2-26 / BUTTE LIGHTNING COMPLEX,00009730,2020/08/17 07:00:00+00,2020/09/10 07:00:00+00,0.25,27.6417408,1,191103.57950001,1987.66925080967
21941,2020,CA,CDF,BTU,1-8 / BUTTE LIGHTNING COMPLEX,00009749,2020/08/17 07:00:00+00,2020/09/10 07:00:00+00,1.96,92.39505005,1,637869.204400025,3794.78984312352
21942,2020,CA,CDF,BTU,1-7 / BUTTE LIGHTNING COMPLEX,00009748,2020/08/17 07:00:00+00,2020/09/26 07:00:00+00,20,174.78900146,1,1207708.82920005,6517.76538325737
21943,2020,CA,CDF,BTU,1-12 / BUTTE LIGHTNING COMPLEX,00010058,2020/08/24 07:00:00+00,2020/09/10 07:00:00+00,947,946.58337402,1,6530778.56850024,18556.5256533357
